{
  "blunt": {
    "precision": 0.8,
    "recall": 0.5714285714285714,
    "f1-score": 0.6666666666666666,
    "support": 14.0
  },
  "informal": {
    "precision": 0.7142857142857143,
    "recall": 0.7627118644067796,
    "f1-score": 0.7377049180327869,
    "support": 59.0
  },
  "neutral": {
    "precision": 0.8581081081081081,
    "recall": 0.7298850574712644,
    "f1-score": 0.7888198757763976,
    "support": 174.0
  },
  "polite": {
    "precision": 0.5897435897435898,
    "recall": 0.8214285714285714,
    "f1-score": 0.6865671641791045,
    "support": 56.0
  },
  "professional": {
    "precision": 0.7777777777777778,
    "recall": 0.9333333333333333,
    "f1-score": 0.8484848484848485,
    "support": 15.0
  },
  "rude": {
    "precision": 0.6153846153846154,
    "recall": 0.6666666666666666,
    "f1-score": 0.64,
    "support": 12.0
  },
  "accuracy": 0.7515151515151515,
  "macro avg": {
    "precision": 0.7258833008833009,
    "recall": 0.7475756774558646,
    "f1-score": 0.7280405788566339,
    "support": 330.0
  },
  "weighted avg": {
    "precision": 0.7719108819108819,
    "recall": 0.7515151515151515,
    "f1-score": 0.7544473206171621,
    "support": 330.0
  }
}