{
  "blunt": {
    "precision": 0.875,
    "recall": 0.5,
    "f1-score": 0.6363636363636364,
    "support": 14.0
  },
  "informal": {
    "precision": 0.7761194029850746,
    "recall": 0.8813559322033898,
    "f1-score": 0.8253968253968254,
    "support": 59.0
  },
  "neutral": {
    "precision": 0.9382716049382716,
    "recall": 0.8735632183908046,
    "f1-score": 0.9047619047619048,
    "support": 174.0
  },
  "polite": {
    "precision": 0.7794117647058824,
    "recall": 0.9464285714285714,
    "f1-score": 0.8548387096774194,
    "support": 56.0
  },
  "professional": {
    "precision": 1.0,
    "recall": 1.0,
    "f1-score": 1.0,
    "support": 15.0
  },
  "rude": {
    "precision": 0.8,
    "recall": 0.6666666666666666,
    "f1-score": 0.7272727272727273,
    "support": 12.0
  },
  "accuracy": 0.8696969696969697,
  "macro avg": {
    "precision": 0.8614671287715381,
    "recall": 0.8113357314482387,
    "f1-score": 0.8247723005787523,
    "support": 330.0
  },
  "weighted avg": {
    "precision": 0.8774162510876001,
    "recall": 0.8696969696969697,
    "f1-score": 0.8685888348644948,
    "support": 330.0
  }
}