{
  "blunt": {
    "precision": 0.3333333333333333,
    "recall": 0.5714285714285714,
    "f1-score": 0.42105263157894735,
    "support": 14.0
  },
  "informal": {
    "precision": 0.42857142857142855,
    "recall": 0.6101694915254238,
    "f1-score": 0.5034965034965035,
    "support": 59.0
  },
  "neutral": {
    "precision": 0.8735632183908046,
    "recall": 0.4367816091954023,
    "f1-score": 0.5823754789272031,
    "support": 174.0
  },
  "polite": {
    "precision": 0.49514563106796117,
    "recall": 0.9107142857142857,
    "f1-score": 0.6415094339622641,
    "support": 56.0
  },
  "professional": {
    "precision": 0.7894736842105263,
    "recall": 1.0,
    "f1-score": 0.8823529411764706,
    "support": 15.0
  },
  "rude": {
    "precision": 0.23076923076923078,
    "recall": 0.25,
    "f1-score": 0.24,
    "support": 12.0
  },
  "accuracy": 0.5727272727272728,
  "macro avg": {
    "precision": 0.5251427543905475,
    "recall": 0.6298489929772805,
    "f1-score": 0.545131164856898,
    "support": 330.0
  },
  "weighted avg": {
    "precision": 0.6796723403775013,
    "recall": 0.5727272727272728,
    "f1-score": 0.5726490493977763,
    "support": 330.0
  }
}